Variant;Gene;Disease;PubMed_ID;pmid_found;PMC;pmcid_found;;;;;;;;;;
Asn1271Lys;MYH7;Miocardiopatía dilatada (Dilated Cardiomyopathy);26220970;no;;;;;;;;;;;;
Asp1272His;MYH7;Miocardiopatía dilatada (Dilated Cardiomyopathy);27247418;no;PMC4914177;;;;;;;;;3814;G;C
Val411Met;SCN5A;Síndrome de QT largo (Long QT Syndrome);10961955;no;;;;;;;;;;;;
;;;15840476;no;;;;;;;;;;;;
;;;16712702;no;;;;;;;;;;;;
;;;19716085;no;PMC3049907;no;;;;;;;;;;
;;;19862833;no;;;;;;;;;;;;
;;;20541041;no;;;;;;;;;;;;
;;;21185501;no;PMC3332533;no;;;;;;;;;;
;;;21193062;yes;;;;;;;;;;;;
;;;22360817;no;;;;;;;;;;;;
;;;22721569;no;;;;;;;;;;;;
;;;23098067;no;PMC3520728;yes;;;;;;;;;;
;;;22721569;yes;;;;;;;;;;;;
;;;24606995;yes;PMC4007532;yes;;;;;;;;;;
;;;24709866;no;;;;;;;;;;;;
;;;24903439;no;;;;;;;;;;;;
;;;25904541;yes;PMC4878676;yes;;;;;;;;;;
;;;26496715;no;;;;;;;;;;;;
;;;3005997;no;;;;;;;;;;;;
;;;22460359;yes;PMC3393812;yes;;;;;;;;;;
;;;22885918;yes;;;;;;;;;;;;
;;;23158531;yes;PMC3522767;yes;;;;;;;;;;
;;;23631430;no;;;;;;;;;;;;
;;;26669661;no;PMC4970673;no;;;;;;;;;;
;;;26940925;no;PMC4773513;no;;;;;;;;;;
;;;28150151;no;PMC5445024;no;;;;;;;;;;
Asp2Asn;PAX5;Hepatoblastoma;28572459;no;PMC5611790;no;;;;;;;;;;
Arg1012Ter;STAG2;Sarcome Ewing;19886810;no;;;;;;;;;;;;
;;;24854081;no;;;;;;;;;;;;
;;;23443460;no;PMC3736571;no;;;;;;;;;;
;;;24854081;no;;;;;;;;;;;;
Ile258Val;"PDGFRA";Sarcome Ewing;15928335;no;;;;;;;;;;;;
;;;12522257;no;;;;;;;;;;;;
;;;12660384;no;;;;;;;;;;;;
;;;8988177;no;;;;;;;;;;;;
Pro1685Leu ;PLXNB2;Hepatic Sarcoma;15928335;no;;;;;;;;;;;;
;;;12522257;no;;;;;;;;;;;;
;;;12660384;no;;;;;;;;;;;;
;;;8988177;no;;;;;;;;;;;;
Arg2072Gln;"ROS1";Hepatic Sarcoma;2827175;no;PMC299735;no;;;;;;;;;;
;;;2352949;no;PMC54205;no;;;;;;;;;;
;;;12661006;no;;;;;;;;;;;;
;;;18083107;no;;;;;;;;;;;;
;;;21253578;no;PMC3017127;no;;;;;;;;;;
Ala670Val;HCN1;Ependynoma;30351409;no;;;;;;;;;;;;
Ser333Phe;ATM;Ependynoma;9827931;no;;;;;;;;;;;;
Arg365Gln;RAD50;Ependynoma;31767017;no;PMC6878665;no;;;;;;;;;;
Ala670Val;HCN1;Neuroblastome;30351409;no;;;;;;;;;;;;
Tyr776Ter;TSC2;RHABDOMYOSARCOMA;12842888;no;;;;;;;;;;;;
Ser273Cys;MRE11;Nefroblastome;31767017;no;PMC6878665;no;;;;;;;;;;
Lys1296Arg;DOCK3;Acute Myeloid leukemia;26716413;no;PMC4868709;no;;;;;;;;;;
Thr1010Ile;MET;Tumor maligno de la vaina nerviosa periférica;9140397;no;;;;;;;;;;;;
;;;10734314;no;;;;;;;;;;;;
;;;9927037;no;;;;;;;;;;;;
;;;14559814;yes;;;;;;;;;;;;
;;;17463250;no;;;;;;;;;;;;
;;;10223227;no;;;;;;;;;;;;
;;;16186806;no;;;;;;;;;;;;
;;;18077431;no;PMC2148413;no;;;;;;;;;;
;;;21478826;no;;;;;;;;;;;;
