Variant;Gene;PubMed_ID;PMC;NoPMC;Named_Variant_in;file;term;;;;;;;;
Asn1271Lys;MYH7;28098136;PMC5253631;;rsid_othermutation;;;;;;;;;;
;;31257224;PMC6629004;;rsid_othermutation;;;;;;;;;;
;;31744909;PMC7306982;;rsid_othermutation;;;;;;;;;;
Asp1272His;MYH7;;;;;;;;;;;;;;
Val411Met;SCN5A;21193062;;https://linkinghub.elsevier.com/retrieve/pii/S1547-5271(10)01439-6;abstract;;V411M;;;;;;;;
;;22460359;PMC3393812;;text;;V411M;;;;;;;;
;;22721569;;http://www.revespcardiol.org/en/linksolver/ft/pii/S0300-8932(12)00236-9;titulo;;V411M mutation in the SCN5A gene;;;;;;;;
;;22885918;;https://linkinghub.elsevier.com/retrieve/pii/S1547-5271(12)00868-5;abstract;;SCN5A (V411M);;;;;;;;
;;23098067;PMC3520728;;text;;p.V411M;;;;;;;;
;;23158531;PMC3522767;;text;;V411M;;;;;;;;
;;24606995;PMC4007532;;text;;p.V411M;;;;;;;;
;;25649125;PMC4308924;;supplementary;13073_2014_120_MOESM1_ESM.pdf;;;;;;;;;
;;25863800;PMC4486151;;text;;V411M;;;;;;;;
;;25904541;PMC4878676;;text;;V411M;;;;;;;;
;;25967940;PMC4630850;;supplementary;https://www.ncbi.nlm.nih.gov/pmc/articles/PMC4630850/bin/12881_2015_176_MOESM1_ESM.xlsx;;;;;;;;;
;;26147798;PMC4492948;;supplementary_rsid;https://www.ncbi.nlm.nih.gov/pmc/articles/PMC4492948/bin/pone.0132180.s011.xlsx;;;;;;;;;
;;26659599;PMC4685989;;supplementary;https://www.ncbi.nlm.nih.gov/pmc/articles/PMC4685989/bin/pone.0144692.s002.xlsx;;;;;;;;;
;;26834636;PMC4712308;;text;;V411M;;;;;;;;
;;26888838;;https://www.yiigle.com/LinkIn.do?linkin_type=pubmed&issn=0253-3758&year=2015&vol=43&issue=12&fpage=1046;abstract;;;;;;;;;;
;;26986070;PMC4795776;;supplementary;https://www.ncbi.nlm.nih.gov/pmc/articles/PMC4795776/bin/pone.0151760.s001.xlsx;(SCN5A-V411M);;;;;;;;
;;27485560;PMC4936664;;text;;p.V411M;;;;;;;;
;;28265756;PMC5438422;;text;;V411M;;;;;;;;
;;28569743;PMC5632819;;supplementary ;https://www.ncbi.nlm.nih.gov/pmc/articles/PMC5632819/bin/gim201760x7.xlsx;;;;;;;;;
;;28588847;PMC5458049;;text;;NM_000335.4:c.1231G>A;SCN5A;p.Val411Met;SCN5A mutation c.1231G>A;;;;;
;;29101013;PMC5840852;;text;;V411M;;;;;;;;
;;30079003;PMC6070466;;text;;V411M;g1231a;;;;;;;
;;30665703;PMC6369448;;supplementary;https://www.ncbi.nlm.nih.gov/pmc/articles/PMC6369448/bin/mmc3.xlsx;rs72549410;38647549;C;T;;;;;
;;30930780;PMC6428035;;supplementary;;;;;;;;;;
;;30937429;PMC6444058;;supplementary;;;;;;;;;;
;;31257342;;https://dx.doi.org/10.1536/ihj.18-705;title;;V411M;;;;;;;;
;;31324802;PMC6642175;;supplementary;;;;;;;;;;
;;31358043;PMC6664760;;supplementary;;;;;;;;;;
;;32431610;MC7212895;;text;;V411M;;;;;;;;
;;33519442;PMC7845660;;title;;SCN5A V411M;;;;;;;;
;;34228484;PMC8373803;;text;;c.G1231A;;;;;;;;
;;34803699;PMC8600069;;text;;V411M;;;;;;;;
;;34926986;PMC8672658;;text;;SCN5A Val 411 Met;;;;;;;;
;;35864896;PMC9294368;;text;;V411M;;;;;;;;
Asp2Asn;PAX5;;;;;;;;;;;;;;
Arg1012Ter;STAG2;;;;;;;;;;;;;;
Ile258Val;"PDGFRA";25617745;PMC4305320;;supplementary;;;;;;;;;;
;;32264863;PMC7137451;;supplementary;;;;;;;;;;
Pro1685Leu ;PLXNB2;;;;;;;;;;;;;;
;;;;;;;;;;;;;;;
;;;;;;;;;;;;;;;
;;;;;;;;;;;;;;;
Arg2072Gln;"ROS1";27397505;PMC4967469;;supplementary;https://www.ncbi.nlm.nih.gov/pmc/articles/PMC4967469/bin/mmc3.xlsx;ROS1;c.6215G>A;p.R2072Q;;;;;;
;;27683039;PMC5341940;;supplementary;https://www.ncbi.nlm.nih.gov/pmc/articles/PMC5341940/bin/oncotarget-07-72733-s003.xlsx;117632201;ROS1;C;T;0,452;p.Arg2072Gln;;;
;;28420421;PMC5395719;;supplementary;https://www.ncbi.nlm.nih.gov/pmc/articles/PMC5395719/bin/13073_2017_424_MOESM7_ESM.xlsx;ROS1;R2072Q;;;;;;;
;;29617658;PMC5918694;;rsid_othermutation;;;;;;;;;;
;;;;;;;;;;;;;;;
Ala670Val;HCN1;;;;;;;;;;;;;;
Ser333Phe;ATM;20574445;PMC2946966;;supplementary;;;;;;;;;;
;;21533266;PMC3075259;;supplementary;;;;;;;;;;
;;22529920;PMC3326031;;supplementary;;;;;;;;;;
;;23555315;PMC3610631;;supplementary;;;;;;;;;;
;;24416720;PMC3874556;;text;;"c.[998C?>?T];[ =]";rs28904919;10;"p.[(Ser333Phe)];[( =)]";;;;;
;;24448499;PMC4025965;;supplementary;;p.Ser333Phe;;;;;;;;
;;24728327;PMC3984285;;supplementary;;ATM:uc001pkb.1:exon8:c.C998T:p.S333F,ATM:uc009yxr.1:exon9:c.C998T:p.S333F;;;;;;;;
;;24937182;PMC4082638;;supplementary;;;;;;;;;;
;;25589003;PMC4297409;;supplementary;;p.S333F;c.998C>T;;;;;;;
;;25925381;PMC4415141;;supplementary;;ATM chr11:108117787 C T p.Ser333Phe;;;;;;;;
;;26740555;PMC4754044;;supplementary;;;;;;;;;;
;;26919633;PMC4769293;;supplementary;;ATM;11_108117787;C/T;S333F;;;;;
;;26934580;PMC4774916;;;;rs28904919;C;T;;;;;;
;;26964030;PMC5379914;;;;;;;;;;;;
;;27001614;PMC5033653;;supplementary;;ATM;chr11;108117787;rs28904919;C;T;;;
;;27270441;PMC5140783;;supplementary;https://www.ncbi.nlm.nih.gov/pmc/articles/PMC5140783/bin/onc2016172x3.xls;NM_000051:c.C998T:p.S333F;;;;;;;;
;;27844328;PMC5487866;;rsid_othermutation;;;;;;;;;;
;;28569743;PMC5632819;;supplementary;https://www.ncbi.nlm.nih.gov/pmc/articles/PMC5632819/bin/gim201760x7.xlsx;NM_000051.3:c.998C>T;ATM;p.Ser333Phe;;;;;;
;;28591191;PMC5462348;;text;;S333F;rs28904919;c.998C>T;;;;;;
;;28717660;PMC5511795;;text;;"ATM c.998C>T; p.S333F";;;;;;;;
;;28719003;PMC5669020;;supplementary;;rs28904919;11;108117787;T;C;;;;
;;28779002;PMC5740532;;supplementary;;C T rs28904919;;;;;;;;
;;29272070;;https://doi.org/10.1111/jop.12671;abstract;;ATM p.Ser333Phe;;;;;;;;
;;29338072;PMC5900732;;supplementary;https://www.ncbi.nlm.nih.gov/pmc/articles/PMC5900732/bin/CNCR-124-1358-s002.xlsx;ATM:NM_000051:c.998C>T_p.S333F(0.69,384);;;;;;;;
;;29522266;PMC5911592;;supplementary;https://www.ncbi.nlm.nih.gov/pmc/articles/PMC5740532/bin/jmedgenet-2017-104588supp005.pdf;c.998C>T;p.(Ser333Phe);;;;;;;
;;30761385;PMC6369924;;supplementary;;;;;;;;;;
;;30814510;PMC6393468;;supplementary;https://www.ncbi.nlm.nih.gov/pmc/articles/PMC6393468/bin/41419_2019_1453_MOESM27_ESM.xlsx;"rs28904919;CM152767";C;T;;;;;;
;;30814645;PMC6393680;;text;;S333F;;;;;;;;
;;30937429;PMC6444058;;supplementary;;NM_000051.3(ATM):c.998C>T (p.Ser333Phe);;;;;;;;
;;31335901;PMC6650139;;supplementary;;ATM;rs28904919;C;C/T;T;0.0014 (T);1HZ;missense_variant;p.Ser333Phe
;;32113160;PMC7100610;;text;;ATM (c.998C>T (p.Ser333Phe));;;;;;;;
;;32570879;PMC7352311;;text;;C;T;ATM;nonsyn. SNV;rs28904919;;;;
;;32664330;PMC7402303;;text;;ATM (p.S333F;;;;;;;;
;;34262154;PMC8553617;;text;;c.998C>T p.(Ser333Phe);;;;;;;;
;;36517866;PMC9749175;;text;;ATM;c.998C?>?T;p.(Ser333Phe);;;;;;
Arg365Gln;RAD50;23555315;PMC3610631;;supplementary;https://www.ncbi.nlm.nih.gov/pmc/articles/PMC3610631/bin/pgen.1003419.s008.xlsx;rs146370443;5;131924421;NS:R365Q;;;;;
;;24894818;PMC4229874;;supplementary;https://www.ncbi.nlm.nih.gov/pmc/articles/PMC4229874/bin/bcr3669-S1.xlsx;rad50_c.1094G>A;;;;;;;;
;;25668207;PMC4337898;;supplementary;https://www.ncbi.nlm.nih.gov/pmc/articles/PMC4337898/bin/pone.0118084.s001.xlsx;rs146370443;G;A;;;;;;
;;26689913;PMC4703835;;supplementary;;;;;;;;;;
;;26740555;PMC4754044;;supplementary;;rs146370443;;;;;;;;
;;26787654;PMC4893078;;supplementary;https://www.ncbi.nlm.nih.gov/pmc/articles/PMC4893078/bin/jmedgenet-2015-103398-s2.pdf;RAD50 c.1094G>A R365Q;;;;;;;;
;;27460824;PMC4962446;;supplementary;;;;;;;;;;
;;28376765;PMC5379555;;rsid_othermutation;;;;;;;;;;
;;28550065;PMC5593157;;supplementary;https://www.ncbi.nlm.nih.gov/pmc/articles/PMC5593157/bin/supp_mcs.a000778_Supplemental_Table2.xlsx;RAD50;5;1094G>A;;;;;;
;;28569743;PMC5632819;;supplementary;;NM_005732.3:c.1094G>A;RAD50;p.Arg365Gln;;;;;;
;;28719003;PMC5669020;;rsid_othermutation;;;;;;;;;;
;;29245897;PMC5725088;;supplementary;https://www.ncbi.nlm.nih.gov/pmc/articles/PMC5725088/bin/oncotarget-08-99237-s002.xlsx;c.365G>A;;;;;;;;
;;29641532;PMC5894988;;supplementary;https://www.ncbi.nlm.nih.gov/pmc/articles/PMC5894988/bin/pone.0194098.s003.xlsx;c.1094G>A;p.Arg365Gln;;;;;;;
;;30377213;PMC6284440;;supplementary;https://www.ncbi.nlm.nih.gov/pmc/articles/PMC6284440/bin/EMMM-10-e9172-s004.docx;RAD50;R365Q;c.1094G>A;;;;;;
;;30441849;PMC6266089;;supplementary;https://www.ncbi.nlm.nih.gov/pmc/articles/PMC6266089/bin/cancers-10-00442-s001.pdf;c.1094G>A p.(Arg365Gln) M rs146370443;;;;;;;;
;;31159747;PMC6547505;;supplementary;;RAD50;c.1094G>A;p.Arg365Gln;;;;;;
;;31677015;PMC6989446;;text;;RAD50 R365Q;;;;;;;;
;;32724113;PMC7387538;;supplementary;https://www.ncbi.nlm.nih.gov/pmc/articles/PMC7387538/bin/41598_2020_69488_MOESM2_ESM.xlsx;RAD50;c.1094G>A;;;;;;;
;;32854451;PMC7564956;;text;;RAD50;M;c.1094G > A;p.Arg365Gln;;;;;
;;34676052;PMC8522843;;text;;RAD50 (Arg365Gln),;;;;;;;;
;;34885139;PMC8656495;;text;;Rad50-R365Q (1094G > A);;;;;;;;
;;35127508;PMC8813959;;text;;RAD50 (chr5: c.1094G>A p.Arg365Gln rs146370443);;;;;;;;
Ala670Val;HCN1;;;;;;;;;;;;;;
Tyr776Ter;TSC2;;;;;;;;;;;;;;
Ser273Cys;MRE11;24662767;PMC4753672;;rsid_othermutation;;;;;;;;;;
;;27397505;PMC4967469;;supplementary;;;;;;;;;;
;;28569743;PMC5632819;;supplementary;https://www.ncbi.nlm.nih.gov/pmc/articles/PMC5632819/bin/gim201760x7.xlsx;NM_005591.3:c.818C>G;MRE11A;p.Ser273Cys;;;;;;
;;30202019;PMC6131170;;rsid_othermutation;;;;;;;;;;
;;32283892;PMC7379412;;text;;MRE11A;NM_005591;c.818C>G;rs143400546;;;;;
;;32295625;PMC7161277;;supplementary;;;;;;;;;;
;;35048780;;;abstract;;S273C;;;;;;;;
Lys1296Arg;DOCK3;26740555;PMC4754044;;supplementary;;rs201184598;;;;;;;;
;;28719003;PMC5669020;;rsid_othermutation;;;;;;;;;;
Thr1010Ile;MET;14559814;;;abstract;;T1010I;;;;;;;;
;;15735036;;https://aacrjournals.org/cancerres/article-lookup/doi/10.1158/0008-5472.CAN-04-2650;abstract;;T1010I;;;;;;;;
;;16397249;;https://aacrjournals.org/cancerres/article-lookup/doi/10.1158/0008-5472.CAN-04-4567;abstract;;T1010I;;;;;;;;
;;17322284;;https://journals.physiology.org/doi/10.1152/ajplung.00147.2006?url_ver=Z39.88-2003&rfr_id=ori:rid:crossref.org&rfr_dat=cr_pub%20%200pubmed;abstract;;T1010I;;;;;;;;
;;18672314;PMC2659375;;text;;T1010I;;;;;;;;
;;18709663;PMC2583960;;text;;T1010I;;;;;;;;
;;19318576;PMC2871252;;abstract;;T1010I;;;;;;;;
;;19393836;PMC3268697;;text;;T1010I;;;;;;;;
;;19861919;PMC2846396;;text;;T1010I;;;;;;;;
;;20233444;PMC2845115;;rsid_othermutation;;;;;;;;;;
;;20303741;PMC3412517;;text;;T1010I;;;;;;;;
;;20368753;PMC2847295;;text;;T1010I;;;;;;;;
;;20670955;PMC2913476;;title;;T992I;;;;;;;;
;;21533266;PMC3075259;;supplementary;;;;;;;;;;
;;21748247;;;supplementary;;;;;;;;;;
;;21776391;PMC3135278;;text;;T1010I;;;;;;;;
;;21970370;PMC3202244;;abstract;;c.2975C >T;;;;;;;;
;;22047509;PMC3258451;;text;;T1010I;;;;;;;;
;;22363766;PMC3283716;;text;;T1010I;;;;;;;;
;;22556379;PMC4630857;;rsid_othermutation;;;;;;;;;;
;;22838389;PMC3480947;;text;;rs56391007;;;;;;;;
;;22973954;PMC7569720;;abstract;;T1010I;;;;;;;;
;;23662036;PMC3642244;;abstract;;T1010I;;;;;;;;
;;23675308;PMC3649967;;supplementary;;;;;;;;;;
;;24326041;PMC3978701;;supplementary;;;;;;;;;;
;;24658394;PMC3962342;;text;;T1010I;;;;;;;;
;;24728327;PMC3984285;;supplementary;;;;;;;;;;
;;25032700;;;supplementary;;;;;;;;;;
;;25065564;PMC4375949;;text;;T1010I;;;;;;;;
;;25130970;PMC6000362;;rsid_othermutation;;;;;;;;;;
;;25197268;PMC4156285;;text;;T1010I;;;;;;;;
;;25314153;PMC4276958;;text;;T1010I;;;;;;;;
;;25330907;PMC4209081;;abstract;;"c.3209C > T; p.T1010I";;;;;;;;
;;25415047;PMC4322997;;text;;T1010I;;;;;;;;
;;25534569;PMC4276968;;text;;T1010I;;;;;;;;
;;25589003;PMC4297409;;supplementary;;;;;;;;;;
;;25593979;PMC4295762;;text;;T1010I;;;;;;;;
;;25605252;PMC4413604;;title;;MET-T1010I;;;;;;;;
;;25637035;;;supplementary;;;;;;;;;;
;;25742471;;;supplementary;;;;;;;;;;
;;25815459;PMC4491670;;text;;T1010I ;;;;;;;;
;;25859546;PMC4381696;;text;;T1010I (rs56391007);;;;;;;;
;;25899808;PMC4615295;;text;;T1010I ;;;;;;;;
;;25905921;PMC4408095;;supplementary;;;;;;;;;;
;;25939062;PMC4862411;;supplementary;;;;;;;;;;
;;25970683;PMC4465996;;rsid_othermutation;;;;;;;;;;
;;26010451;;;supplementary;;;;;;;;;;
;;26097886;PMC4468339;;text;;T1010I × 3/Thr to Ile;;* one tumor had 2 cMET mutations;;;;;;
;;26124082;;;supplementary;;;;;;;;;;
;;26167768;;;supplementary;;;;;;;;;;
;;26239293;;;supplementary;;;;;;;;;;
;;26243862;PMC4617658;;abstract;;T1010I;;;;;;;;
;;26412935;PMC4582997;;text;;T1010I;;;;;;;;
;;26420498;PMC4588561;;supplementary;;;;;;;;;;
;;26614708;;;supplementary;;;;;;;;;;
;;26659599;;;supplementary;;;;;;;;;;
;;26933808;PMC5063170;;supplementary;;;;;;;;;;
;;26934580;;;supplementary;;;;;;;;;;
;;27013592;PMC5103928;;text;;c.3029C>T p.Thr1010Ile;;;;;;;;
;;27144063;PMC4978764;;text;;T1010I;;;;;;;;
;;27164089;;;supplementary;;;;;;;;;;
;;27220763;PMC4850129;;text;;p.T1010I;;;;;;;;
;;27270441;;;supplementary;;;;;;;;;;
;;27460824;PMC4962446;;supplementary;;;;;;;;;;
;;27531819;PMC5339564;;supplementary;;;;;;;;;;
;;27626278;PMC5023174;;text;;T1010I;;;;;;;;
;;27899992;PMC5095083;;text;;T1010I;;;;;;;;
;;28061464;PMC5355264;;rsid_othermutation;;;;;;;;;;
;;28404951;;;supplementary;;;;;;;;;;
;;28440294;;;supplementary;;;;;;;;;;
;;28441771;PMC5406714;;text;;T1010I;;;;;;;;
;;28448960;PMC5406583;;text;;T1010I;;;;;;;;
;;28556593;PMC5537326;;supplementary;;;;;;;;;;
;;28891274;PMC7771338;;text;;rs56391007;;;;;;;;
;;29177190;PMC5700137;;text;;T1010I (rs56391007;;;;;;;;
;;29231907;PMC5742817;;text;;T1010I ;;;;;;;;
;;29273096;;;supplementary;;;;;;;;;;
;;29449575;;;supplementary;;;;;;;;;;
;;29455657;PMC5817811;;text;;T1010I;;;;;;;;
;;29489023;PMC7393997;;rsid_othermutation;;;;;;;;;;
;;29570930;PMC5928373;;text;;T1010I;;;;;;;;
;;29618726;;;supplementary;;;;;;;;;;
;;29769598;PMC5955881;;text;;MET;NM_001127500.1: c.3029C?>?T;p.(T1010I);;;;;;
;;30053901;;;supplementary;;;;;;;;;;
;;30134579;PMC6162713;;text;;T1010I;;;;;;;;
;;30256453;;;supplementary;;;;;;;;;;
;;30518672;PMC7357548;;text;;MET-T1010I;;;;;;;;
;;30670153;PMC6507848;;text;;T1010I;;;;;;;;
;;30760778;PMC6374489;;supplementary;;;;;;;;;;
;;30894629;;;supplementary;;;;;;;;;;
;;30981944;PMC6463765;;text;;p.T1010I;;;;;;;;
;;31040922;PMC6481343;;text;;T1010I;;;;;;;;
;;31213837;PMC6549390;;title;;MET T1010I;;;;;;;;
;;31358043;;;supplementary;;;;;;;;;;
;;31510946;PMC6817656;;text;;MET T1010I;;;;;;;;
;;31552911;PMC7038737;;rsid_othermutation;;;;;;;;;;
;;31597922;PMC6785536;;supplementary;;;;;;;;;;
;;31605946;;;supplementary;;;;;;;;;;
;;32194744;PMC7039106;;text;;T1010I;;;;;;;;
;;32214092;PMC7096530;;text;;T1010I;;;;;;;;
;;32295625;;;supplementary;;;;;;;;;;
;;32415133;PMC7228928;;text;;rs56391007 (T1010I;;;;;;;;
;;32514147;PMC7478851;;rsid_othermutation;;;;;;;;;;
;;32532746;PMC7781009;;rsid_othermutation;;;;;;;;;;
;;32549194;PMC7352216;;rsid_othermutation;;;;;;;;;;
;;32550823;PMC7290126;;text;;MET, c.3029C>T, p.T1010I;;;;;;;;
;;32697988;;;supplementary;;;;;;;;;;
;;32712880;PMC8134796;;abstract;;MET (p. T1010I);;;;;;;;
;;32858245;;https://linkinghub.elsevier.com/retrieve/pii/S2213-333X(20)30461-3;abstract;;T1010I;;;;;;;;
;;33375764;PMC7823920;;abstract;;MET c.3029C > T, p.(Thr1010Ile);;;;;;;;
;;33889528;PMC8044480;;text;;T1010I;;;;;;;;
;;33924134;PMC8074310;;rsid_othermutation;;;;;;;;;;
;;34428346;PMC8637556;;rsid_othermutation;;;;;;;;;;
;;35008576;PMC8745490;;rsid_othermutation;;;;;;;;;;
;;35069735;PMC8776431;;text;;T1010I;;;;;;;;
;;35807022;PMC9267326;;text;;c.3029C > T (p.(Thr1010Ile)) MET;;;;;;;;
;;36136211;PMC9684265;;text;;MET c.3029C>T;;;;;;;;
;;36291897;PMC9600309;;text;;"MET, c.3029C>T; p.T1010I";;;;;;;;
